{
  "hull": [
    [
      -0.507177472114563,
      0.09324842691421509,
      0.6980680823326111
    ],
    [
      3.913066848326707e-07,
      -0.09324842691421509,
      0.8628604412078857
    ],
    [
      0.5071759223937988,
      0.09324842691421509,
      0.6980689764022827
    ],
    [
      -3.913066848326707e-07,
      0.8832586407661438,
      -4.336452263942192e-07
    ],
    [
      3.913066848326707e-07,
      0.09324842691421509,
      -0.8628604412078857
    ],
    [
      -0.507177472114563,
      -0.09324842691421509,
      -0.6980680823326111
    ],
    [
      -0.8206285834312439,
      0.09324842691421509,
      -0.26663917303085327
    ],
    [
      0.8206285834312439,
      0.09324842691421509,
      -0.2666378617286682
    ],
    [
      0.5071759223937988,
      -0.09324842691421509,
      -0.6980689764022827
    ],
    [
      -0.8206285834312439,
      -0.09324842691421509,
      0.2666391134262085
    ],
    [
      0.8206285834312439,
      -0.09324842691421509,
      0.2666378617286682
    ],
    [
      3.913066848326707e-07,
      -0.8832586407661438,
      4.336452263942192e-07
    ]
  ],
  "margin": 0.12886597216129303
}