{
  "hull": [
    [
      -0.25928249955177307,
      -0.35687175393104553,
      0.5774304866790771
    ],
    [
      0.25928249955177307,
      -0.35687175393104553,
      0.5774304866790771
    ],
    [
      0.41952791810035706,
      -0.5774304270744324,
      0.1363128125667572
    ],
    [
      0.0,
      -0.7137433290481567,
      -0.13631285727024078
    ],
    [
      -0.41952791810035706,
      -0.5774304270744324,
      0.1363128125667572
    ],
    [
      0.6788103580474854,
      -0.22055883705615997,
      -0.13631285727024078
    ],
    [
      0.6788103580474854,
      0.22055883705615997,
      0.13631285727024078
    ],
    [
      0.41952791810035706,
      0.1363128125667572,
      0.5774304866790771
    ],
    [
      0.0,
      0.44111767411231995,
      0.5774304866790771
    ],
    [
      -0.41952791810035706,
      0.1363128125667572,
      0.5774304866790771
    ],
    [
      -0.6788103580474854,
      -0.22055883705615997,
      -0.13631285727024078
    ],
    [
      -0.6788103580474854,
      0.22055883705615997,
      0.13631285727024078
    ],
    [
      -0.25928249955177307,
      0.35687175393104553,
      -0.5774304866790771
    ],
    [
      0.25928249955177307,
      0.35687175393104553,
      -0.5774304866790771
    ],
    [
      -0.41952791810035706,
      -0.1363128125667572,
      -0.5774304866790771
    ],
    [
      0.0,
      -0.44111767411231995,
      -0.5774304866790771
    ],
    [
      0.41952791810035706,
      -0.1363128125667572,
      -0.5774304866790771
    ],
    [
      0.41952791810035706,
      0.5774304270744324,
      -0.1363128125667572
    ],
    [
      0.0,
      0.7137433290481567,
      0.13631285727024078
    ],
    [
      -0.41952791810035706,
      0.5774304270744324,
      -0.1363128125667572
    ]
  ],
  "margin": 0.10824742168188095
}