{
  "hull": [
    [
      4.830843725045497e-09,
      0.9216942191123962,
      0.0
    ],
    [
      0.7840397953987122,
      0.41219425201416016,
      0.25475016236305237
    ],
    [
      0.4845634400844574,
      0.4121941328048706,
      -0.6669443845748901
    ],
    [
      -4.5112134472446996e-08,
      0.41219431161880493,
      0.8243885040283203
    ],
    [
      -0.7840397357940674,
      0.41219428181648254,
      0.25475013256073
    ],
    [
      -0.4845634400844574,
      0.4121941924095154,
      -0.6669443249702454
    ],
    [
      0.7840397953987122,
      -0.4121941924095154,
      -0.25474998354911804
    ],
    [
      0.4845634400844574,
      -0.41219425201416016,
      0.6669444441795349
    ],
    [
      -0.4845634698867798,
      -0.4121941328048706,
      0.6669442057609558
    ],
    [
      -0.7840397357940674,
      -0.412194162607193,
      -0.25475019216537476
    ],
    [
      4.830843725045497e-09,
      -0.41219425201416016,
      -0.8243885040283203
    ],
    [
      -4.5112134472446996e-08,
      -0.9216940999031067,
      1.2485739553369513e-08
    ]
  ],
  "margin": 0.13917525112628937
}