{
  "hull": [
    [
      -0.8930447697639465,
      -0.3645840585231781,
      0.515599250793457
    ],
    [
      0.893044650554657,
      -0.3645840585231781,
      0.5156000852584839
    ],
    [
      0.0,
      -0.3645840585231781,
      -1.031199336051941
    ],
    [
      0.0,
      1.0937519073486328,
      0.0
    ]
  ],
  "margin": 0.07216494530439377
}