{
  "hull": [
    [
      -0.35356372594833374,
      0.675369381904602,
      0.35356366634368896
    ],
    [
      0.35356372594833374,
      0.675369381904602,
      0.35356366634368896
    ],
    [
      -0.35356372594833374,
      0.675369381904602,
      -0.3535637855529785
    ],
    [
      0.35356372594833374,
      0.675369381904602,
      -0.3535637855529785
    ],
    [
      0.0,
      1.063406229019165,
      -5.960464477539063e-08
    ],
    [
      -0.35356372594833374,
      -0.675369381904602,
      0.35356366634368896
    ],
    [
      0.35356372594833374,
      -0.675369381904602,
      0.35356366634368896
    ],
    [
      -0.35356372594833374,
      -0.675369381904602,
      -0.3535637855529785
    ],
    [
      0.35356372594833374,
      -0.675369381904602,
      -0.3535637855529785
    ],
    [
      0.0,
      -1.063406229019165,
      -5.960464477539063e-08
    ]
  ],
  "margin": 0.07731958478689194
}