{
  "hull": [
    [
      0.605515718460083,
      0.6055155992507935,
      0.6055155992507935
    ],
    [
      -0.605515718460083,
      0.6055155992507935,
      0.6055155992507935
    ],
    [
      -0.605515718460083,
      -0.6055155992507935,
      0.6055155992507935
    ],
    [
      0.605515718460083,
      -0.6055155992507935,
      0.6055155992507935
    ],
    [
      0.605515718460083,
      0.6055155992507935,
      -0.6055155992507935
    ],
    [
      -0.605515718460083,
      0.6055155992507935,
      -0.6055155992507935
    ],
    [
      0.605515718460083,
      -0.6055155992507935,
      -0.6055155992507935
    ],
    [
      -0.605515718460083,
      -0.6055155992507935,
      -0.6055155992507935
    ]
  ],
  "margin": 0.08762886375188828
}