{
  "hull": [
    [
      0.6753114461898804,
      0.0,
      -0.6753114461898804
    ],
    [
      -0.6753114461898804,
      0.0,
      -0.6753114461898804
    ],
    [
      0.0,
      0.9550345540046692,
      0.0
    ],
    [
      -0.6753114461898804,
      0.0,
      0.6753114461898804
    ],
    [
      0.6753114461898804,
      0.0,
      0.6753114461898804
    ],
    [
      0.0,
      -0.9550345540046692,
      0.0
    ]
  ],
  "margin": 0.10499999672174454
}